Workbook

Sheet raw_data
A1: transaction_id | B1: transaction_date | C1: merchant_name | D1: raw_amount | E1: currency | F1: status | G1: risk_score | H1: gateway_region | I1: user_id | J1: payment_method
A2: T001 | B2: 46082 | C2: alpha mart | D2: 420000 | E2: INR | F2: captured | G2: score:62 | H2: APAC | I2: U001 | J2: UPI
A3: T002 | B3: 46082 | C3: ALPHA MART | D3: 210000 | E3: INR | F3: Captured | G3: 55 | I3: U002 | J3: Card
A4: T003 | B4: 46082 | C4: BETA STORES | D4: 510000 | E4: INR | F4: CAPTURED | G4: 71 | H4: APAC | I4: U003 | J4: NetBanking
A5: T004 | B5: 46083 | C5: Beta Stores | D5: 160000 | E5: INR | F5: failed e05 timeout | G5: 68 | H5: apac | I5: U004 | J5: Card
A6: T005 | B6: 46083 | C6: Alpha Mart | D6: 390000 | E6: INR | F6: CAPTURED | G6: 58 | I6: U001 | J6: UPI
A7: T006 | B7: 46083 | C7: Beta Stores | D7: 275000 | E7: INR | F7: Captured | G7: score:64 | I7: U005 | J7: Wallet
A8: T007 | B8: 46083 | C8: Alpha Mart | D8: 450000 | E8: INR | F8: chargeback | G8: risk-83 | H8: APAC | I8: U006 | J8: Card
A9: T008 | B9: 46084 | C9: BETA STORES | D9: 340000 | E9: INR | F9: Captured | G9: 59 | I9: U007 | J9: UPI
A10: T009 | B10: 46084 | C10: Alpha Mart | D10: 125000 | E10: INR | F10: captured | G10: 46 | H10: APAC | I10: U002 | J10: Wallet
A11: T010 | B11: 46084 | C11: Beta Stores | D11: 610000 | E11: INR | F11: captured | G11: risk-77 | I11: U003 | J11: Card
A12: T011 | B12: 46084 | C12: Alpha Mart | D12: 195000 | E12: INR | F12: FAILED e05 TIMEOUT | I12: U008 | J12: UPI
A13: T012 | B13: 46085 | C13: Beta Stores | D13: 250000 | E13: INR | F13: captured | G13: risk-61 | H13: APAC | I13: U009 | J13: Card
A14: T013 | B14: 46085 | C14: alpha mart | D14: 310000 | E14: INR | F14: captured | G14: score:54 | H14: APAC | I14: U010 | J14: UPI
A15: T014 | B15: 46085 | C15: Beta Stores | D15: 470000 | E15: INR | F15: captured | G15: risk-73 | H15: APAC | I15: U001 | J15: NetBanking
A16: T015 | B16: 46085 | C16: Alpha Mart | D16: 130000 | E16: INR | F16: captured | G16: score:52 | I16: U002 | J16: Card
A17: T016 | B17: 46086 | C17: Beta Stores | D17: 220000 | E17: INR | F17: failed E05 timeout | G17: risk-69 | I17: U008 | J17: Card
A18: T017 | B18: 46086 | C18: Beta Stores | D18: 180000 | E18: INR | F18: Failed E05 Timeout | G18: score:72 | H18: apac | I18: U008 | J18: Card
A19: T018 | B19: 46086 | C19: BETA STORES | D19: 145000 | E19: INR | F19: chargeback | G19: risk-86 | H19: APAC | I19: U008 | J19: UPI
A20: T019 | B20: 46086 | C20: Alpha Mart | D20: 260000 | E20: INR | F20: Failed E05 Timeout | G20: score:67 | H20: apac | I20: U008 | J20: Wallet
A21: T020 | B21: 46086 | C21: Alpha Mart | D21: 520000 | E21: INR | F21: Captured | G21: 75 | H21: APAC | I21: U005 | J21: UPI
A22: T021 | B22: 46087 | C22: beta stores | D22: 330000 | E22: INR | F22: captured | G22: score:63 | I22: U006 | J22: Card
A23: T022 | B23: 46087 | C23: ALPHA MART | D23: 410000 | E23: INR | F23: captured | G23: 60 | H23: APAC | I23: U007 | J23: UPI
A24: T023 | B24: 46082 | C24: City Pharma | D24: 5200 | E24: EUR | F24: Captured | G24: 42 | H24: EU | I24: U003 | J24: Card
A25: T024 | B25: 46083 | C25: Eco Home | D25: 6100 | E25: EUR | F25: chargeback | G25: score:65 | H25: EU | I25: U004 | J25: Card
A26: T025 | B26: 46084 | C26: City Pharma | D26: 2800 | E26: EUR | F26: captured | G26: 38 | H26: eu | I26: U005 | J26: Wallet
A27: T026 | B27: 46086 | C27: Eco Home | D27: 3300 | E27: EUR | F27: Failed E05 Timeout | G27: 44 | H27: EU | I27: U006 | J27: NetBanking
A28: T027 | B28: 46082 | C28: DELTA TRAVELS | D28: 7200 | E28: USD | F28: captured | G28: 49 | H28: us | I28: U007 | J28: Card
A29: T028 | B29: 46083 | C29: Delta Travels | D29: 3100 | E29: USD | F29: CAPTURED | G29: risk-41 | H29: US | I29: U008 | J29: Card
A30: T029 | B30: 46085 | C30: delta travels | D30: 2500 | E30: USD | F30: chargeback | G30: score:58 | H30: US | I30: U009 | J30: Wallet
A31: T030 | B31: 46087 | C31: DELTA TRAVELS | D31: 1800 | E31: USD | F31: Failed E05 Timeout | G31: score:47 | H31: US | I31: U010 | J31: UPI

Sheet cleaned_data
A1: transaction_id | B1: transaction_date | C1: merchant_name | D1: raw_amount | E1: currency | F1: status | G1: risk_score | H1: gateway_region | I1: user_id | J1: payment_method
A2: =raw_data!A2 -> T001 | B2: =raw_data!B2 -> 46082 | C2: =PROPER(TRIM(raw_data!C2)) -> Alpha Mart | D2: =raw_data!D2 -> 420000 | E2: =raw_data!E2 -> INR | F2: =PROPER(TRIM(raw_data!F2)) -> Captured | G2: =IFERROR(VALUE(RIGHT(TRIM(raw_data!G2),2)), "") -> 62 | H2: =IFERROR(UPPER(TRIM(raw_data!H2)),"") -> APAC | I2: =raw_data!I2 -> U001 | J2: =raw_data!J2 -> UPI
A3: =raw_data!A3 -> T002 | B3: =raw_data!B3 -> 46082 | C3: =PROPER(TRIM(raw_data!C3)) -> Alpha Mart | D3: =raw_data!D3 -> 210000 | E3: =raw_data!E3 -> INR | F3: =PROPER(TRIM(raw_data!F3)) -> Captured | G3: =IFERROR(VALUE(RIGHT(TRIM(raw_data!G3),2)), "") -> 55 | H3: =IFERROR(UPPER(TRIM(raw_data!H3)),"") | I3: =raw_data!I3 -> U002 | J3: =raw_data!J3 -> Card
A4: =raw_data!A4 -> T003 | B4: =raw_data!B4 -> 46082 | C4: =PROPER(TRIM(raw_data!C4)) -> Beta Stores | D4: =raw_data!D4 -> 510000 | E4: =raw_data!E4 -> INR | F4: =PROPER(TRIM(raw_data!F4)) -> Captured | G4: =IFERROR(VALUE(RIGHT(TRIM(raw_data!G4),2)), "") -> 71 | H4: =IFERROR(UPPER(TRIM(raw_data!H4)),"") -> APAC | I4: =raw_data!I4 -> U003 | J4: =raw_data!J4 -> NetBanking
A5: =raw_data!A5 -> T004 | B5: =raw_data!B5 -> 46083 | C5: =PROPER(TRIM(raw_data!C5)) -> Beta Stores | D5: =raw_data!D5 -> 160000 | E5: =raw_data!E5 -> INR | F5: =PROPER(TRIM(raw_data!F5)) -> Failed E05 Timeout | G5: =IFERROR(VALUE(RIGHT(TRIM(raw_data!G5),2)), "") -> 68 | H5: =IFERROR(UPPER(TRIM(raw_data!H5)),"") -> APAC | I5: =raw_data!I5 -> U004 | J5: =raw_data!J5 -> Card
A6: =raw_data!A6 -> T005 | B6: =raw_data!B6 -> 46083 | C6: =PROPER(TRIM(raw_data!C6)) -> Alpha Mart | D6: =raw_data!D6 -> 390000 | E6: =raw_data!E6 -> INR | F6: =PROPER(TRIM(raw_data!F6)) -> Captured | G6: =IFERROR(VALUE(RIGHT(TRIM(raw_data!G6),2)), "") -> 58 | H6: =IFERROR(UPPER(TRIM(raw_data!H6)),"") | I6: =raw_data!I6 -> U001 | J6: =raw_data!J6 -> UPI
A7: =raw_data!A7 -> T006 | B7: =raw_data!B7 -> 46083 | C7: =PROPER(TRIM(raw_data!C7)) -> Beta Stores | D7: =raw_data!D7 -> 275000 | E7: =raw_data!E7 -> INR | F7: =PROPER(TRIM(raw_data!F7)) -> Captured | G7: =IFERROR(VALUE(RIGHT(TRIM(raw_data!G7),2)), "") -> 64 | H7: =IFERROR(UPPER(TRIM(raw_data!H7)),"") | I7: =raw_data!I7 -> U005 | J7: =raw_data!J7 -> Wallet
A8: =raw_data!A8 -> T007 | B8: =raw_data!B8 -> 46083 | C8: =PROPER(TRIM(raw_data!C8)) -> Alpha Mart | D8: =raw_data!D8 -> 450000 | E8: =raw_data!E8 -> INR | F8: =PROPER(TRIM(raw_data!F8)) -> Chargeback | G8: =IFERROR(VALUE(RIGHT(TRIM(raw_data!G8),2)), "") -> 83 | H8: =IFERROR(UPPER(TRIM(raw_data!H8)),"") -> APAC | I8: =raw_data!I8 -> U006 | J8: =raw_data!J8 -> Card
A9: =raw_data!A9 -> T008 | B9: =raw_data!B9 -> 46084 | C9: =PROPER(TRIM(raw_data!C9)) -> Beta Stores | D9: =raw_data!D9 -> 340000 | E9: =raw_data!E9 -> INR | F9: =PROPER(TRIM(raw_data!F9)) -> Captured | G9: =IFERROR(VALUE(RIGHT(TRIM(raw_data!G9),2)), "") -> 59 | H9: =IFERROR(UPPER(TRIM(raw_data!H9)),"") | I9: =raw_data!I9 -> U007 | J9: =raw_data!J9 -> UPI
A10: =raw_data!A10 -> T009 | B10: =raw_data!B10 -> 46084 | C10: =PROPER(TRIM(raw_data!C10)) -> Alpha Mart | D10: =raw_data!D10 -> 125000 | E10: =raw_data!E10 -> INR | F10: =PROPER(TRIM(raw_data!F10)) -> Captured | G10: =IFERROR(VALUE(RIGHT(TRIM(raw_data!G10),2)), "") -> 46 | H10: =IFERROR(UPPER(TRIM(raw_data!H10)),"") -> APAC | I10: =raw_data!I10 -> U002 | J10: =raw_data!J10 -> Wallet
A11: =raw_data!A11 -> T010 | B11: =raw_data!B11 -> 46084 | C11: =PROPER(TRIM(raw_data!C11)) -> Beta Stores | D11: =raw_data!D11 -> 610000 | E11: =raw_data!E11 -> INR | F11: =PROPER(TRIM(raw_data!F11)) -> Captured | G11: =IFERROR(VALUE(RIGHT(TRIM(raw_data!G11),2)), "") -> 77 | H11: =IFERROR(UPPER(TRIM(raw_data!H11)),"") | I11: =raw_data!I11 -> U003 | J11: =raw_data!J11 -> Card
A12: =raw_data!A12 -> T011 | B12: =raw_data!B12 -> 46084 | C12: =PROPER(TRIM(raw_data!C12)) -> Alpha Mart | D12: =raw_data!D12 -> 195000 | E12: =raw_data!E12 -> INR | F12: =PROPER(TRIM(raw_data!F12)) -> Failed E05 Timeout | G12: =IFERROR(VALUE(RIGHT(TRIM(raw_data!G12),2)), "") | H12: =IFERROR(UPPER(TRIM(raw_data!H12)),"") | I12: =raw_data!I12 -> U008 | J12: =raw_data!J12 -> UPI
A13: =raw_data!A13 -> T012 | B13: =raw_data!B13 -> 46085 | C13: =PROPER(TRIM(raw_data!C13)) -> Beta Stores | D13: =raw_data!D13 -> 250000 | E13: =raw_data!E13 -> INR | F13: =PROPER(TRIM(raw_data!F13)) -> Captured | G13: =IFERROR(VALUE(RIGHT(TRIM(raw_data!G13),2)), "") -> 61 | H13: =IFERROR(UPPER(TRIM(raw_data!H13)),"") -> APAC | I13: =raw_data!I13 -> U009 | J13: =raw_data!J13 -> Card
... A31: =raw_data!A31 -> T030 | B31: =raw_data!B31 -> 46087 | C31: =PROPER(TRIM(raw_data!C31)) -> Delta Travels | D31: =raw_data!D31 -> 1800 | E31: =raw_data!E31 -> USD | F31: =PROPER(TRIM(raw_data!F31)) -> Failed E05 Timeout | G31: =IFERROR(VALUE(RIGHT(TRIM(raw_data!G31),2)), "") -> 47 | H31: =IFERROR(UPPER(TRIM(raw_data!H31)),"") -> US | I31: =raw_data!I31 -> U010 | J31: =raw_data!J31 -> UPI

Sheet enriched_data
A1: transaction_id | B1: transaction_date | C1: merchant_name | D1: merchant_id | E1: raw_amount | F1: currency | G1: lookup_key | H1: usd_exchange_rates | I1: amount_usd | J1: status | K1: risk_score | L1: gateway_region | M1: final_gateway_region | N1: user_id | O1: payment_method | P1: high_value_flag | Q1: high_risk_flag
A2: =cleaned_data!A2 -> T001 | B2: =cleaned_data!B2 -> 46082 | C2: =cleaned_data!C2 -> Alpha Mart | D2: =IFERROR(VLOOKUP($C2,merchant_master!$C:$D,2,FALSE),"") -> M001 | E2: =cleaned_data!D2 -> 420000 | F2: =cleaned_data!E2 -> INR | G2: =TEXT($B2, "dd-mm-yyyy")&"_"&$F2 -> 01-03-2026_INR | H2: =VLOOKUP($G2, exchange_rates!$D:$E,2,FALSE) -> 0.0119 | I2: =ROUND($E2*$H2,2) -> 4998 | J2: =cleaned_data!F2 -> Captured | K2: =cleaned_data!G2 -> 62 | L2: =cleaned_data!H2 -> APAC | M2: =IF(cleaned_data!H3<>"",cleaned_data!H3,VLOOKUP($C2,merchant_master!$C:$E,3,FALSE)) -> APAC | N2: =cleaned_data!I2 -> U001 | O2: =cleaned_data!J2 -> UPI | P2: =_xlfn.IFS(AND($M2="APAC",$I2>5000),1,AND($M2="EU",$I2>6000),1,AND($M2="US",$I2>7000),1,TRUE,0) -> 0 | Q2: =IF(OR($K2>70,ISNUMBER(SEARCH("chargeback",$J2))),1,0) -> 0
A3: =cleaned_data!A3 -> T002 | B3: =cleaned_data!B3 -> 46082 | C3: =cleaned_data!C3 -> Alpha Mart | D3: =IFERROR(VLOOKUP($C3,merchant_master!$C:$D,2,FALSE),"") -> M001 | E3: =cleaned_data!D3 -> 210000 | F3: =cleaned_data!E3 -> INR | G3: =TEXT($B3, "dd-mm-yyyy")&"_"&$F3 -> 01-03-2026_INR | H3: =VLOOKUP($G3, exchange_rates!$D:$E,2,FALSE) -> 0.0119 | I3: =ROUND($E3*$H3,2) -> 2499 | J3: =cleaned_data!F3 -> Captured | K3: =cleaned_data!G3 -> 55 | L3: =cleaned_data!H3 | M3: =IF(cleaned_data!H4<>"",cleaned_data!H4,VLOOKUP($C3,merchant_master!$C:$E,3,FALSE)) -> APAC | N3: =cleaned_data!I3 -> U002 | O3: =cleaned_data!J3 -> Card | P3: =_xlfn.IFS(AND($M3="APAC",$I3>5000),1,AND($M3="EU",$I3>6000),1,AND($M3="US",$I3>7000),1,TRUE,0) -> 0 | Q3: =IF(OR($K3>70,ISNUMBER(SEARCH("chargeback",$J3))),1,0) -> 0
A4: =cleaned_data!A4 -> T003 | B4: =cleaned_data!B4 -> 46082 | C4: =cleaned_data!C4 -> Beta Stores | D4: =IFERROR(VLOOKUP($C4,merchant_master!$C:$D,2,FALSE),"") -> M002 | E4: =cleaned_data!D4 -> 510000 | F4: =cleaned_data!E4 -> INR | G4: =TEXT($B4, "dd-mm-yyyy")&"_"&$F4 -> 01-03-2026_INR | H4: =VLOOKUP($G4, exchange_rates!$D:$E,2,FALSE) -> 0.0119 | I4: =ROUND($E4*$H4,2) -> 6069 | J4: =cleaned_data!F4 -> Captured | K4: =cleaned_data!G4 -> 71 | L4: =cleaned_data!H4 -> APAC | M4: =IF(cleaned_data!H5<>"",cleaned_data!H5,VLOOKUP($C4,merchant_master!$C:$E,3,FALSE)) -> APAC | N4: =cleaned_data!I4 -> U003 | O4: =cleaned_data!J4 -> NetBanking | P4: =_xlfn.IFS(AND($M4="APAC",$I4>5000),1,AND($M4="EU",$I4>6000),1,AND($M4="US",$I4>7000),1,TRUE,0) -> 1 | Q4: =IF(OR($K4>70,ISNUMBER(SEARCH("chargeback",$J4))),1,0) -> 1
A5: =cleaned_data!A5 -> T004 | B5: =cleaned_data!B5 -> 46083 | C5: =cleaned_data!C5 -> Beta Stores | D5: =IFERROR(VLOOKUP($C5,merchant_master!$C:$D,2,FALSE),"") -> M002 | E5: =cleaned_data!D5 -> 160000 | F5: =cleaned_data!E5 -> INR | G5: =TEXT($B5, "dd-mm-yyyy")&"_"&$F5 -> 02-03-2026_INR | H5: =VLOOKUP($G5, exchange_rates!$D:$E,2,FALSE) -> 0.012 | I5: =ROUND($E5*$H5,2) -> 1920 | J5: =cleaned_data!F5 -> Failed E05 Timeout | K5: =cleaned_data!G5 -> 68 | L5: =cleaned_data!H5 -> APAC | M5: =IF(cleaned_data!H6<>"",cleaned_data!H6,VLOOKUP($C5,merchant_master!$C:$E,3,FALSE)) -> APAC | N5: =cleaned_data!I5 -> U004 | O5: =cleaned_data!J5 -> Card | P5: =_xlfn.IFS(AND($M5="APAC",$I5>5000),1,AND($M5="EU",$I5>6000),1,AND($M5="US",$I5>7000),1,TRUE,0) -> 0 | Q5: =IF(OR($K5>70,ISNUMBER(SEARCH("chargeback",$J5))),1,0) -> 0
A6: =cleaned_data!A6 -> T005 | B6: =cleaned_data!B6 -> 46083 | C6: =cleaned_data!C6 -> Alpha Mart | D6: =IFERROR(VLOOKUP($C6,merchant_master!$C:$D,2,FALSE),"") -> M001 | E6: =cleaned_data!D6 -> 390000 | F6: =cleaned_data!E6 -> INR | G6: =TEXT($B6, "dd-mm-yyyy")&"_"&$F6 -> 02-03-2026_INR | H6: =VLOOKUP($G6, exchange_rates!$D:$E,2,FALSE) -> 0.012 | I6: =ROUND($E6*$H6,2) -> 4680 | J6: =cleaned_data!F6 -> Captured | K6: =cleaned_data!G6 -> 58 | L6: =cleaned_data!H6 | M6: =IF(cleaned_data!H7<>"",cleaned_data!H7,VLOOKUP($C6,merchant_master!$C:$E,3,FALSE)) -> APAC | N6: =cleaned_data!I6 -> U001 | O6: =cleaned_data!J6 -> UPI | P6: =_xlfn.IFS(AND($M6="APAC",$I6>5000),1,AND($M6="EU",$I6>6000),1,AND($M6="US",$I6>7000),1,TRUE,0) -> 0 | Q6: =IF(OR($K6>70,ISNUMBER(SEARCH("chargeback",$J6))),1,0) -> 0
A7: =cleaned_data!A7 -> T006 | B7: =cleaned_data!B7 -> 46083 | C7: =cleaned_data!C7 -> Beta Stores | D7: =IFERROR(VLOOKUP($C7,merchant_master!$C:$D,2,FALSE),"") -> M002 | E7: =cleaned_data!D7 -> 275000 | F7: =cleaned_data!E7 -> INR | G7: =TEXT($B7, "dd-mm-yyyy")&"_"&$F7 -> 02-03-2026_INR | H7: =VLOOKUP($G7, exchange_rates!$D:$E,2,FALSE) -> 0.012 | I7: =ROUND($E7*$H7,2) -> 3300 | J7: =cleaned_data!F7 -> Captured | K7: =cleaned_data!G7 -> 64 | L7: =cleaned_data!H7 | M7: =IF(cleaned_data!H8<>"",cleaned_data!H8,VLOOKUP($C7,merchant_master!$C:$E,3,FALSE)) -> APAC | N7: =cleaned_data!I7 -> U005 | O7: =cleaned_data!J7 -> Wallet | P7: =_xlfn.IFS(AND($M7="APAC",$I7>5000),1,AND($M7="EU",$I7>6000),1,AND($M7="US",$I7>7000),1,TRUE,0) -> 0 | Q7: =IF(OR($K7>70,ISNUMBER(SEARCH("chargeback",$J7))),1,0) -> 0
A8: =cleaned_data!A8 -> T007 | B8: =cleaned_data!B8 -> 46083 | C8: =cleaned_data!C8 -> Alpha Mart | D8: =IFERROR(VLOOKUP($C8,merchant_master!$C:$D,2,FALSE),"") -> M001 | E8: =cleaned_data!D8 -> 450000 | F8: =cleaned_data!E8 -> INR | G8: =TEXT($B8, "dd-mm-yyyy")&"_"&$F8 -> 02-03-2026_INR | H8: =VLOOKUP($G8, exchange_rates!$D:$E,2,FALSE) -> 0.012 | I8: =ROUND($E8*$H8,2) -> 5400 | J8: =cleaned_data!F8 -> Chargeback | K8: =cleaned_data!G8 -> 83 | L8: =cleaned_data!H8 -> APAC | M8: =IF(cleaned_data!H9<>"",cleaned_data!H9,VLOOKUP($C8,merchant_master!$C:$E,3,FALSE)) -> APAC | N8: =cleaned_data!I8 -> U006 | O8: =cleaned_data!J8 -> Card | P8: =_xlfn.IFS(AND($M8="APAC",$I8>5000),1,AND($M8="EU",$I8>6000),1,AND($M8="US",$I8>7000),1,TRUE,0) -> 1 | Q8: =IF(OR($K8>70,ISNUMBER(SEARCH("chargeback",$J8))),1,0) -> 1
A9: =cleaned_data!A9 -> T008 | B9: =cleaned_data!B9 -> 46084 | C9: =cleaned_data!C9 -> Beta Stores | D9: =IFERROR(VLOOKUP($C9,merchant_master!$C:$D,2,FALSE),"") -> M002 | E9: =cleaned_data!D9 -> 340000 | F9: =cleaned_data!E9 -> INR | G9: =TEXT($B9, "dd-mm-yyyy")&"_"&$F9 -> 03-03-2026_INR | H9: =VLOOKUP($G9, exchange_rates!$D:$E,2,FALSE) -> 0.0121 | I9: =ROUND($E9*$H9,2) -> 4114 | J9: =cleaned_data!F9 -> Captured | K9: =cleaned_data!G9 -> 59 | L9: =cleaned_data!H9 | M9: =IF(cleaned_data!H10<>"",cleaned_data!H10,VLOOKUP($C9,merchant_master!$C:$E,3,FALSE)) -> APAC | N9: =cleaned_data!I9 -> U007 | O9: =cleaned_data!J9 -> UPI | P9: =_xlfn.IFS(AND($M9="APAC",$I9>5000),1,AND($M9="EU",$I9>6000),1,AND($M9="US",$I9>7000),1,TRUE,0) -> 0 | Q9: =IF(OR($K9>70,ISNUMBER(SEARCH("chargeback",$J9))),1,0) -> 0
A10: =cleaned_data!A10 -> T009 | B10: =cleaned_data!B10 -> 46084 | C10: =cleaned_data!C10 -> Alpha Mart | D10: =IFERROR(VLOOKUP($C10,merchant_master!$C:$D,2,FALSE),"") -> M001 | E10: =cleaned_data!D10 -> 125000 | F10: =cleaned_data!E10 -> INR | G10: =TEXT($B10, "dd-mm-yyyy")&"_"&$F10 -> 03-03-2026_INR | H10: =VLOOKUP($G10, exchange_rates!$D:$E,2,FALSE) -> 0.0121 | I10: =ROUND($E10*$H10,2) -> 1512.5 | J10: =cleaned_data!F10 -> Captured | K10: =cleaned_data!G10 -> 46 | L10: =cleaned_data!H10 -> APAC | M10: =IF(cleaned_data!H11<>"",cleaned_data!H11,VLOOKUP($C10,merchant_master!$C:$E,3,FALSE)) -> APAC | N10: =cleaned_data!I10 -> U002 | O10: =cleaned_data!J10 -> Wallet | P10: =_xlfn.IFS(AND($M10="APAC",$I10>5000),1,AND($M10="EU",$I10>6000),1,AND($M10="US",$I10>7000),1,TRUE,0) -> 0 | Q10: =IF(OR($K10>70,ISNUMBER(SEARCH("chargeback",$J10))),1,0) -> 0
A11: =cleaned_data!A11 -> T010 | B11: =cleaned_data!B11 -> 46084 | C11: =cleaned_data!C11 -> Beta Stores | D11: =IFERROR(VLOOKUP($C11,merchant_master!$C:$D,2,FALSE),"") -> M002 | E11: =cleaned_data!D11 -> 610000 | F11: =cleaned_data!E11 -> INR | G11: =TEXT($B11, "dd-mm-yyyy")&"_"&$F11 -> 03-03-2026_INR | H11: =VLOOKUP($G11, exchange_rates!$D:$E,2,FALSE) -> 0.0121 | I11: =ROUND($E11*$H11,2) -> 7381 | J11: =cleaned_data!F11 -> Captured | K11: =cleaned_data!G11 -> 77 | L11: =cleaned_data!H11 | M11: =IF(cleaned_data!H12<>"",cleaned_data!H12,VLOOKUP($C11,merchant_master!$C:$E,3,FALSE)) -> APAC | N11: =cleaned_data!I11 -> U003 | O11: =cleaned_data!J11 -> Card | P11: =_xlfn.IFS(AND($M11="APAC",$I11>5000),1,AND($M11="EU",$I11>6000),1,AND($M11="US",$I11>7000),1,TRUE,0) -> 1 | Q11: =IF(OR($K11>70,ISNUMBER(SEARCH("chargeback",$J11))),1,0) -> 1
A12: =cleaned_data!A12 -> T011 | B12: =cleaned_data!B12 -> 46084 | C12: =cleaned_data!C12 -> Alpha Mart | D12: =IFERROR(VLOOKUP($C12,merchant_master!$C:$D,2,FALSE),"") -> M001 | E12: =cleaned_data!D12 -> 195000 | F12: =cleaned_data!E12 -> INR | G12: =TEXT($B12, "dd-mm-yyyy")&"_"&$F12 -> 03-03-2026_INR | H12: =VLOOKUP($G12, exchange_rates!$D:$E,2,FALSE) -> 0.0121 | I12: =ROUND($E12*$H12,2) -> 2359.5 | J12: =cleaned_data!F12 -> Failed E05 Timeout | K12: =cleaned_data!G12 | L12: =cleaned_data!H12 | M12: =IF(cleaned_data!H13<>"",cleaned_data!H13,VLOOKUP($C12,merchant_master!$C:$E,3,FALSE)) -> APAC | N12: =cleaned_data!I12 -> U008 | O12: =cleaned_data!J12 -> UPI | P12: =_xlfn.IFS(AND($M12="APAC",$I12>5000),1,AND($M12="EU",$I12>6000),1,AND($M12="US",$I12>7000),1,TRUE,0) -> 0 | Q12: =IF(OR($K12>70,ISNUMBER(SEARCH("chargeback",$J12))),1,0) -> 1
A13: =cleaned_data!A13 -> T012 | B13: =cleaned_data!B13 -> 46085 | C13: =cleaned_data!C13 -> Beta Stores | D13: =IFERROR(VLOOKUP($C13,merchant_master!$C:$D,2,FALSE),"") -> M002 | E13: =cleaned_data!D13 -> 250000 | F13: =cleaned_data!E13 -> INR | G13: =TEXT($B13, "dd-mm-yyyy")&"_"&$F13 -> 04-03-2026_INR | H13: =VLOOKUP($G13, exchange_rates!$D:$E,2,FALSE) -> 0.012 | I13: =ROUND($E13*$H13,2) -> 3000 | J13: =cleaned_data!F13 -> Captured | K13: =cleaned_data!G13 -> 61 | L13: =cleaned_data!H13 -> APAC | M13: =IF(cleaned_data!H14<>"",cleaned_data!H14,VLOOKUP($C13,merchant_master!$C:$E,3,FALSE)) -> APAC | N13: =cleaned_data!I13 -> U009 | O13: =cleaned_data!J13 -> Card | P13: =_xlfn.IFS(AND($M13="APAC",$I13>5000),1,AND($M13="EU",$I13>6000),1,AND($M13="US",$I13>7000),1,TRUE,0) -> 0 | Q13: =IF(OR($K13>70,ISNUMBER(SEARCH("chargeback",$J13))),1,0) -> 0
... A31: =cleaned_data!A31 -> T030 | B31: =cleaned_data!B31 -> 46087 | C31: =cleaned_data!C31 -> Delta Travels | D31: =IFERROR(VLOOKUP($C31,merchant_master!$C:$D,2,FALSE),"") -> M004 | E31: =cleaned_data!D31 -> 1800 | F31: =cleaned_data!E31 -> USD | G31: =TEXT($B31, "dd-mm-yyyy")&"_"&$F31 -> 06-03-2026_USD | H31: =VLOOKUP($G31, exchange_rates!$D:$E,2,FALSE) -> 1 | I31: =ROUND($E31*$H31,2) -> 1800 | J31: =cleaned_data!F31 -> Failed E05 Timeout | K31: =cleaned_data!G31 -> 47 | L31: =cleaned_data!H31 -> US | M31: =IF(cleaned_data!H32<>"",cleaned_data!H32,VLOOKUP($C31,merchant_master!$C:$E,3,FALSE)) -> US | N31: =cleaned_data!I31 -> U010 | O31: =cleaned_data!J31 -> UPI | P31: =_xlfn.IFS(AND($M31="APAC",$I31>5000),1,AND($M31="EU",$I31>6000),1,AND($M31="US",$I31>7000),1,TRUE,0) -> 0 | Q31: =IF(OR($K31>70,ISNUMBER(SEARCH("chargeback",$J31))),1,0) -> 0

Sheet merchant_master
A1: merchant_id | B1: merchant_name | C1: clean_merchant_name | D1: merchant_id_copy | E1: clean_default_region | F1: account_manager | G1: merchant_category | H1: default_region
A2: M001 | B2: Alpha Mart | C2: =PROPER(TRIM(B2)) -> Alpha Mart | D2: =$A2 -> M001 | E2: =UPPER(TRIM(H2)) -> APAC | F2: Aisha Khan | G2: Grocery | H2: APAC
A3: M002 | B3: Beta Stores | C3: =PROPER(TRIM(B3)) -> Beta Stores | D3: =$A3 -> M002 | E3: =UPPER(TRIM(H3)) -> APAC | F3: Rohan Mehta | G3: Electronics | H3: APAC
A4: M003 | B4: City Pharma | C4: =PROPER(TRIM(B4)) -> City Pharma | D4: =$A4 -> M003 | E4: =UPPER(TRIM(H4)) -> EU | F4: Elena Rossi | G4: Healthcare | H4: EU
A5: M004 | B5: Delta Travels | C5: =PROPER(TRIM(B5)) -> Delta Travels | D5: =$A5 -> M004 | E5: =UPPER(TRIM(H5)) -> US | F5: Marcus Lee | G5: Travel | H5: US
A6: M005 | B6: Eco Home | C6: =PROPER(TRIM(B6)) -> Eco Home | D6: =$A6 -> M005 | E6: =UPPER(TRIM(H6)) -> EU | F6: Nina Weber | G6: Home | H6: EU

Sheet exchange_rates
A1: rate_date | B1: currency | C1: usd_rate | D1: rate_date_&_usd_rate | E1: usd_rate_copy
A2: 46082 | B2: INR | C2: 0.0119 | D2: =TEXT($A2, "dd-mm-yyyy")&"_"&$B2 -> 01-03-2026_INR | E2: =$C2 -> 0.0119
A3: 46082 | B3: EUR | C3: 1.08 | D3: =TEXT($A3, "dd-mm-yyyy")&"_"&$B3 -> 01-03-2026_EUR | E3: =$C3 -> 1.08
A4: 46082 | B4: USD | C4: 1 | D4: =TEXT($A4, "dd-mm-yyyy")&"_"&$B4 -> 01-03-2026_USD | E4: =$C4 -> 1
A5: 46083 | B5: INR | C5: 0.012 | D5: =TEXT($A5, "dd-mm-yyyy")&"_"&$B5 -> 02-03-2026_INR | E5: =$C5 -> 0.012
A6: 46083 | B6: EUR | C6: 1.09 | D6: =TEXT($A6, "dd-mm-yyyy")&"_"&$B6 -> 02-03-2026_EUR | E6: =$C6 -> 1.09
A7: 46083 | B7: USD | C7: 1 | D7: =TEXT($A7, "dd-mm-yyyy")&"_"&$B7 -> 02-03-2026_USD | E7: =$C7 -> 1
A8: 46084 | B8: INR | C8: 0.0121 | D8: =TEXT($A8, "dd-mm-yyyy")&"_"&$B8 -> 03-03-2026_INR | E8: =$C8 -> 0.0121
A9: 46084 | B9: EUR | C9: 1.08 | D9: =TEXT($A9, "dd-mm-yyyy")&"_"&$B9 -> 03-03-2026_EUR | E9: =$C9 -> 1.08
A10: 46084 | B10: USD | C10: 1 | D10: =TEXT($A10, "dd-mm-yyyy")&"_"&$B10 -> 03-03-2026_USD | E10: =$C10 -> 1
A11: 46085 | B11: INR | C11: 0.012 | D11: =TEXT($A11, "dd-mm-yyyy")&"_"&$B11 -> 04-03-2026_INR | E11: =$C11 -> 0.012
A12: 46085 | B12: EUR | C12: 1.07 | D12: =TEXT($A12, "dd-mm-yyyy")&"_"&$B12 -> 04-03-2026_EUR | E12: =$C12 -> 1.07
A13: 46085 | B13: USD | C13: 1 | D13: =TEXT($A13, "dd-mm-yyyy")&"_"&$B13 -> 04-03-2026_USD | E13: =$C13 -> 1
... A19: 46087 | B19: USD | C19: 1 | D19: =TEXT($A19, "dd-mm-yyyy")&"_"&$B19 -> 06-03-2026_USD | E19: =$C19 -> 1

Sheet cleaned_transactions_export
A1: transaction_id | B1: transaction_date | C1: merchant_name | D1: merchant_id | E1: raw_amount | F1: currency | G1: usd_rate | H1: amount_usd | I1: status | J1: risk_score | K1: gateway_region | L1: user_id | M1: payment_method | N1: high_value_flag | O1: high_risk_flag
A2: T001 | B2: 46082 | C2: Alpha Mart | D2: M001 | E2: 420000 | F2: INR | G2: 0.0119 | H2: 4998 | I2: Captured | J2: 62 | K2: APAC | L2: U001 | M2: UPI | N2: 0 | O2: 0
A3: T002 | B3: 46082 | C3: Alpha Mart | D3: M001 | E3: 210000 | F3: INR | G3: 0.0119 | H3: 2499 | I3: Captured | J3: 55 | K3: APAC | L3: U002 | M3: Card | N3: 0 | O3: 0
A4: T003 | B4: 46082 | C4: Beta Stores | D4: M002 | E4: 510000 | F4: INR | G4: 0.0119 | H4: 6069 | I4: Captured | J4: 71 | K4: APAC | L4: U003 | M4: NetBanking | N4: 1 | O4: 1
A5: T004 | B5: 46083 | C5: Beta Stores | D5: M002 | E5: 160000 | F5: INR | G5: 0.012 | H5: 1920 | I5: Failed E05 Timeout | J5: 68 | K5: APAC | L5: U004 | M5: Card | N5: 0 | O5: 0
A6: T005 | B6: 46083 | C6: Alpha Mart | D6: M001 | E6: 390000 | F6: INR | G6: 0.012 | H6: 4680 | I6: Captured | J6: 58 | K6: APAC | L6: U001 | M6: UPI | N6: 0 | O6: 0
A7: T006 | B7: 46083 | C7: Beta Stores | D7: M002 | E7: 275000 | F7: INR | G7: 0.012 | H7: 3300 | I7: Captured | J7: 64 | K7: APAC | L7: U005 | M7: Wallet | N7: 0 | O7: 0
A8: T007 | B8: 46083 | C8: Alpha Mart | D8: M001 | E8: 450000 | F8: INR | G8: 0.012 | H8: 5400 | I8: Chargeback | J8: 83 | K8: APAC | L8: U006 | M8: Card | N8: 1 | O8: 1
A9: T008 | B9: 46084 | C9: Beta Stores | D9: M002 | E9: 340000 | F9: INR | G9: 0.0121 | H9: 4114 | I9: Captured | J9: 59 | K9: APAC | L9: U007 | M9: UPI | N9: 0 | O9: 0
A10: T009 | B10: 46084 | C10: Alpha Mart | D10: M001 | E10: 125000 | F10: INR | G10: 0.0121 | H10: 1512.5 | I10: Captured | J10: 46 | K10: APAC | L10: U002 | M10: Wallet | N10: 0 | O10: 0
A11: T010 | B11: 46084 | C11: Beta Stores | D11: M002 | E11: 610000 | F11: INR | G11: 0.0121 | H11: 7381 | I11: Captured | J11: 77 | K11: APAC | L11: U003 | M11: Card | N11: 1 | O11: 1
A12: T011 | B12: 46084 | C12: Alpha Mart | D12: M001 | E12: 195000 | F12: INR | G12: 0.0121 | H12: 2359.5 | I12: Failed E05 Timeout | K12: APAC | L12: U008 | M12: UPI | N12: 0 | O12: 1
A13: T012 | B13: 46085 | C13: Beta Stores | D13: M002 | E13: 250000 | F13: INR | G13: 0.012 | H13: 3000 | I13: Captured | J13: 61 | K13: APAC | L13: U009 | M13: Card | N13: 0 | O13: 0
A14: T013 | B14: 46085 | C14: Alpha Mart | D14: M001 | E14: 310000 | F14: INR | G14: 0.012 | H14: 3720 | I14: Captured | J14: 54 | K14: APAC | L14: U010 | M14: UPI | N14: 0 | O14: 0
A15: T014 | B15: 46085 | C15: Beta Stores | D15: M002 | E15: 470000 | F15: INR | G15: 0.012 | H15: 5640 | I15: Captured | J15: 73 | K15: APAC | L15: U001 | M15: NetBanking | N15: 1 | O15: 1
A16: T015 | B16: 46085 | C16: Alpha Mart | D16: M001 | E16: 130000 | F16: INR | G16: 0.012 | H16: 1560 | I16: Captured | J16: 52 | K16: APAC | L16: U002 | M16: Card | N16: 0 | O16: 0
A17: T016 | B17: 46086 | C17: Beta Stores | D17: M002 | E17: 220000 | F17: INR | G17: 0.0118 | H17: 2596 | I17: Failed E05 Timeout | J17: 69 | K17: APAC | L17: U008 | M17: Card | N17: 0 | O17: 0
A18: T017 | B18: 46086 | C18: Beta Stores | D18: M002 | E18: 180000 | F18: INR | G18: 0.0118 | H18: 2124 | I18: Failed E05 Timeout | J18: 72 | K18: APAC | L18: U008 | M18: Card | N18: 0 | O18: 1
A19: T018 | B19: 46086 | C19: Beta Stores | D19: M002 | E19: 145000 | F19: INR | G19: 0.0118 | H19: 1711 | I19: Chargeback | J19: 86 | K19: APAC | L19: U008 | M19: UPI | N19: 0 | O19: 1
A20: T019 | B20: 46086 | C20: Alpha Mart | D20: M001 | E20: 260000 | F20: INR | G20: 0.0118 | H20: 3068 | I20: Failed E05 Timeout | J20: 67 | K20: APAC | L20: U008 | M20: Wallet | N20: 0 | O20: 0
A21: T020 | B21: 46086 | C21: Alpha Mart | D21: M001 | E21: 520000 | F21: INR | G21: 0.0118 | H21: 6136 | I21: Captured | J21: 75 | K21: APAC | L21: U005 | M21: UPI | N21: 1 | O21: 1
A22: T021 | B22: 46087 | C22: Beta Stores | D22: M002 | E22: 330000 | F22: INR | G22: 0.0119 | H22: 3927 | I22: Captured | J22: 63 | K22: APAC | L22: U006 | M22: Card | N22: 0 | O22: 0
A23: T022 | B23: 46087 | C23: Alpha Mart | D23: M001 | E23: 410000 | F23: INR | G23: 0.0119 | H23: 4879 | I23: Captured | J23: 60 | K23: EU | L23: U007 | M23: UPI | N23: 0 | O23: 0
A24: T023 | B24: 46082 | C24: City Pharma | D24: M003 | E24: 5200 | F24: EUR | G24: 1.08 | H24: 5616 | I24: Captured | J24: 42 | K24: EU | L24: U003 | M24: Card | N24: 0 | O24: 0
... A31: T030 | B31: 46087 | C31: Delta Travels | D31: M004 | E31: 1800 | F31: USD | G31: 1 | H31: 1800 | I31: Failed E05 Timeout | J31: 47 | K31: US | L31: U010 | M31: UPI | N31: 0 | O31: 0

Sheet merchant_risk_summary
A1: Merchant Risk Summary
A2: merchant_name | B2: total_transactions | C2: total_gvm_usd | D2: average_risk_score | E2: high_risk_txn_count | F2: high_value_txn_count
A3: Beta Stores | B3: 11 | C3: 41782 | D3: 69.363636 | E3: 5 | F3: 3
A4: Alpha Mart | B4: 11 | C4: 40812 | D4: 61.2 | E4: 3 | F4: 2
A5: Delta Travels | B5: 4 | C5: 14600 | D5: 48.75 | E5: 1 | F5: 1
A6: Eco Home | B6: 2 | C6: 10246 | D6: 54.5 | E6: 1 | F6: 1
A7: City Pharma | B7: 2 | C7: 8640 | D7: 40 | E7: 0 | F7: 0
A8: Grand Total | B8: 30 | C8: 116080 | D8: 60.655172 | E8: 10 | F8: 7
A11: Region-wise Summary
A12: Gateway_region | B12: total_gvm_usd | C12: high_risk_txn_count | D12: high_value_txn_count
A13: APAC | B13: 77715 | C13: 8 | D13: 5
A14: EU | B14: 20168 | C14: 1 | D14: 1
A15: US | B15: 18197 | C15: 1 | D15: 1
A16: Grand Total | B16: 116080 | C16: 10 | D16: 7

Sheet merchant_risk_summary_export
A1: Merchant Risk Summary
A2: merchant_name | B2: total_transactions | C2: total_gvm_usd | D2: average_risk_score | E2: high_risk_txn_count | F2: high_value_txn_count
A3: Beta Stores | B3: 11 | C3: 41782 | D3: 69.363636 | E3: 5 | F3: 3
A4: Alpha Mart | B4: 11 | C4: 40812 | D4: 61.2 | E4: 3 | F4: 2
A5: Delta Travels | B5: 4 | C5: 14600 | D5: 48.75 | E5: 1 | F5: 1
A6: Eco Home | B6: 2 | C6: 10246 | D6: 54.5 | E6: 1 | F6: 1
A7: City Pharma | B7: 2 | C7: 8640 | D7: 40 | E7: 0 | F7: 0
A10: Region-wise Summary
A11: Gateway_region | B11: total_gvm_usd | C11: high_risk_txn_count | D11: high_value_txn_count
A12: APAC | B12: 77715 | C12: 8 | D12: 5
A13: EU | B13: 20168 | C13: 1 | D13: 1
A14: US | B14: 18197 | C14: 1 | D14: 1
